{
  "parameters": {
    "n_samples": 1000,
    "lambda": 0.5,
    "epsilon": 0.01,
    "epochs": 1,
    "seed": 42,
    "device": "cpu"
  },
  "metrics": {
    "train_mse_old": 0.15274447202682495,
    "train_mse_new": 0.21077108426464528,
    "sym_old": 419725920.0,
    "sym_new": 91275.13080008635,
    "rob_old": 0.6619576811790466,
    "rob_new": 0.4276643045277603,
    "ssim_old": 0.256504088640213,
    "ssim_new": 0.3441852278993325,
    "psnr_old": 11.3204984664917,
    "psnr_new": 13.020733918949482
  }
}