{
  "A": [
    [2.8, -1.8, -2.8, 1.3, 0.4],
    [2.9, -1.9, -2.9, 1.4, 0.5],
    [3.0, -2.0, -3.0, 1.5, 0.6],
    [3.1, -2.1, -3.1, 1.6, 0.7],
    [3.2, -2.2, -3.2, 1.7, 0.8],
    [-1.6, -2.5, 1.5, 0.2, 0.6],
    [-1.3, -2.7, 1.3, 0.4, 0.8],
    [-1.0, -3.0, 1.5, 0.6, 1.0],
    [-0.7, -3.2, 1.7, 0.8, 1.2],
    [-0.5, -3.5, 1.9, 1.0, 1.4],
    [1.2, -1.2, 0.7, -0.3, -2.8],
    [1.1, -1.1, 0.8, -0.4, -2.9],
    [1.0, -1.0, 0.84, -0.44, -3.0],
    [0.9, -0.9, 0.85, -0.45, -3.1],
    [0.8, -0.8, 0.9, -0.5, -3.2]
  ],
  "B": [
    [-1.979394104, 1.959307524, -1.381119943, -1.72964],
    [-1.974921385, 1.94850558, -1.726609792, -1.76121],
    [-1.843907868, 1.99818664, -1.912855282, -1.97511],
    [-1.998625355, 1.999671808, -1.998443276, -1.99976],
    [-1.999365095, 1.998896097, -1.999605076, -1.99892],
    [1.997775859, -1.844000202, 1.660111333, -1.37353],
    [1.818753218, -1.909687734, 1.206631506, -1.40799],
    [1.992023578, -1.923804827, 0.706593926, -1.54378],
    [1.999174385, -1.997592083, 0.21221635, -1.58697],
    [1.997854305, -1.999410881, -0.243400633, -1.82759],
    [0.851626415, 1.574201387, 1.581026838, 1.573934],
    [1.008512576, 1.570791652, 1.595657199, 1.741762],
    [1.107744254, 1.615475549, 1.723582196, 1.807615],
    [1.089897991, 1.611369928, 1.882537367, 1.873522],
    [1.290406093, 1.695289797, 1.953503509, 1.94625]
  ],
  "T_old": [
    [-0.278135369, -0.382248581, 0.522859856, -0.065904355, -0.177604706],
    [0.520567817, 0.126035484, -0.341076002, -0.023301678, -0.49953555],
    [-0.140387778, -0.145008015, 0.433255464, -0.149755201, -0.428847974],
    [0.024426, 0.349038, 0.198781, -0.25589, -0.61688]
  ],
  "labels": [0, 0, 0, 0, 0, 1, 1, 1, 1, 1, 2, 2, 2, 2, 2]
}
